{"RN1_norm": {"sample_2_normalized": {"centerX": 0.106605341831843, "centerY": 1.0064241667588552}, "sample_14_normalized": {"centerX": -0.6772992772084696, "centerY": 0.7360580609242121}, "sample_18_normalized": {"centerX": -0.9048859366222664, "centerY": 0.4258955689271292}, "sample_9_normalized": {"centerX": 0.46984690686066943, "centerY": 0.8920031066735586}, "sample_1_normalized": {"centerX": 1.0077683103084563, "centerY": -0.03734541535377509}, "sample_25_normalized": {"centerX": -0.6830369308259753, "centerY": 0.7334608727693558}, "sample_16_normalized": {"centerX": 0.5578338392575581, "centerY": -0.8391409717003503}, "sample_15_normalized": {"centerX": -0.008675118883450761, "centerY": 1.0008398141860961}, "sample_22_normalized": {"centerX": -0.0434127114713192, "centerY": -1.0026878543198108}, "sample_13_normalized": {"centerX": -0.9902418263753254, "centerY": 0.08155850241581603}, "sample_7_normalized": {"centerX": 0.9718848139709898, "centerY": 0.2500398392147488}, "sample_21_normalized": {"centerX": 0.9975234973430633, "centerY": -0.12578693747520442}, "sample_3_normalized": {"centerX": -0.8672206600904465, "centerY": -0.5217900317907334}, "sample_4_normalized": {"centerX": -0.04168998024402525, "centerY": -1.0109642112407928}, "sample_11_normalized": {"centerX": 0.7687711556752522, "centerY": 0.6517265018111182}, "sample_24_normalized": {"centerX": -0.7505740094184876, "centerY": -0.6602662444114685}, "sample_19_normalized": {"centerX": -0.6578128627538681, "centerY": 0.7590385549465815}, "sample_10_normalized": {"centerX": -0.9084498500823974, "centerY": -0.4226153492927551}, "sample_23_normalized": {"centerX": -1.0010225653648377, "centerY": -0.08390300830205277}, "sample_17_normalized": {"centerX": -0.06850172579288483, "centerY": -0.9998241662979126}, "sample_12_normalized": {"centerX": -0.5602056087348977, "centerY": -0.8329058181070814}, "sample_20_normalized": {"centerX": -0.32351504882176724, "centerY": 0.9525935170650485}, "sample_5_normalized": {"centerX": -0.23042861841343065, "centerY": 0.9770623704018414}, "sample_6_normalized": {"centerX": -0.7766030351320903, "centerY": -0.6409038779139519}, "sample_8_normalized": {"centerX": -0.9101241077979406, "centerY": -0.41844533748096885}}, "Fipy": {"sample_4": {"centerX": 0.782833131876859, "centerY": -0.8433667069312297}, "vendredi12.complex": {"centerX": 0.00023071289062499833, "centerY": 0.00026173909505208814}, "sample_5": {"centerX": 0.8943776931081501, "centerY": 0.6797872739178793}, "sample_2": {"centerX": 0.04136212925116223, "centerY": 0.9652988933523496}, "sample_3": {"centerX": -0.6779604132970174, "centerY": 0.884891237417857}}, "set1": {"sample_4": {"centerX": 0.03214533297965924, "centerY": 0.097121624648571}, "sample_5": {"centerX": -0.011280788431564971, "centerY": -0.10085224142918985}, "sample_2": {"centerX": -0.017976058746377623, "centerY": 0.10285844437777997}, "sample_1": {"centerX": 0.08265698615461588, "centerY": 0.07677894067019224}, "sample_3": {"centerX": -0.0554285824795564, "centerY": -0.08485061114033063}}, "set2": {"sample_4": {"centerX": 0.01200276652971904, "centerY": -0.07614379283040762}, "sample_5": {"centerX": 0.054163094386458374, "centerY": -0.05557740036398172}, "sample_2": {"centerX": -0.02369099363684654, "centerY": -0.06025929197669029}, "sample_1": {"centerX": -0.07816993693510692, "centerY": 0.07944544472628169}, "sample_3": {"centerX": 0.0540070721010367, "centerY": -0.05602675701181094}}, "set3": {"sample_4": {"centerX": -0.4018928963277075, "centerY": 0.2633536539971828}, "sample_5": {"centerX": 9.227235714206498e-06, "centerY": 7.689331687288525e-07}, "sample_2": {"centerX": 0.05870651627580329, "centerY": -0.45478123056888575}, "sample_1": {"centerX": 0.15766594412922857, "centerY": -0.4573797655105591}, "sample_3": {"centerX": 0.4432444808549351, "centerY": -0.1814507825175921}}, "set5": {"sample_4": {"centerX": -0.05899090406795343, "centerY": 0.04910757262259721}, "sample_5": {"centerX": -0.03937163393944502, "centerY": 0.06418278006464243}, "sample_2": {"centerX": 0.012870282871382572, "centerY": 0.1649486636618773}, "sample_1": {"centerX": -0.035183644170562425, "centerY": 0.08284393779933454}, "sample_3": {"centerX": 0.06483312090237935, "centerY": -0.07446700452516476}}, "set6": {"sample_4": {"centerX": -0.020333702514568976, "centerY": -0.16393763678769271}, "sample_5": {"centerX": -0.17310274063547454, "centerY": -0.009807546719908721}, "sample_2": {"centerX": -0.16731137153175143, "centerY": 0.1230040359662639}, "sample_1": {"centerX": -0.12307574570178985, "centerY": 0.2512288580834866}, "sample_3": {"centerX": -0.18188072629272936, "centerY": -0.08727822621663411}}, "set7": {"sample_4": {"centerX": 0.06502770789795452, "centerY": 0.06996745549970203}, "sample_5": {"centerX": -0.0491779864685876, "centerY": -0.12791923408706984}, "sample_2": {"centerX": -0.09378137230873107, "centerY": -0.0306026891246438}, "sample_1": {"centerX": -0.07331998314708471, "centerY": -0.04879564844071865}, "sample_3": {"centerX": -0.00209575523932775, "centerY": -0.09414051674306392}}, "set9": {"sample_4": {"centerX": -0.07048091928164157, "centerY": -0.9992310309410095}, "sample_5": {"centerX": 0.4023637572924298, "centerY": 0.9615874511003495}, "sample_2": {"centerX": -0.9567204861686778, "centerY": 0.07917485677278958}, "sample_1": {"centerX": 0.674470110734304, "centerY": -1.1472354888916014}, "sample_3": {"centerX": -0.2829471906026205, "centerY": -0.9823922061920166}, "set10.complex": {"centerX": -0.0002826944986979163, "centerY": 0.0002200317382812511}, "vendredi12.complex": {"centerX": 1.5563964843749722e-05, "centerY": -0.00010894775390624806}, "set11.complex": {"centerX": -0.4154216758410136, "centerY": -0.323373614317841}}, "set12": {"sample_4": {"centerX": 0.8416362557808558, "centerY": 0.40892597377300255}, "sample_5": {"centerX": 9.96197754931121e-06, "centerY": 4.1009871185655533e-07}, "sample_2": {"centerX": -0.10603842943906784, "centerY": 0.4957511107126871}, "sample_1": {"centerX": -0.24049137209852536, "centerY": 0.40048916930953654}, "sample_3": {"centerX": -0.3855504680673282, "centerY": -0.35629345178604127}}, "set13": {"sample_4": {"centerX": -0.04199531991034747, "centerY": 0.19764912873506546}, "sample_5": {"centerX": -0.10447556088368098, "centerY": 0.23150295714537297}, "sample_2": {"centerX": -0.24757353737950324, "centerY": 0.0033171817660331746}, "sample_1": {"centerX": -0.13921973946193855, "centerY": 0.17760914308329423}, "sample_3": {"centerX": 0.06916595846414565, "centerY": 0.2014773482368106}}, "set14": {"sample_4": {"centerX": -0.20150916129350663, "centerY": 0.675266425907612}, "sample_5": {"centerX": 0.42854353785514837, "centerY": -0.04683567829430104}, "sample_2": {"centerX": 0.2421917180220286, "centerY": -0.4689409025013447}, "sample_1": {"centerX": -0.38840150620256153, "centerY": -0.2937261016454015}, "sample_3": {"centerX": 0.26771371471881866, "centerY": -0.41945855015516276}}, "set15": {"sample_4": {"centerX": -0.45285936057567594, "centerY": 0.5297681438922882}, "sample_5": {"centerX": -0.568089370619167, "centerY": -0.35081508132544426}, "sample_2": {"centerX": 0.6523879130283992, "centerY": 0.3319194132884344}, "sample_1": {"centerX": -0.5694349027342267, "centerY": 0.7403111426035563}, "sample_3": {"centerX": -0.584211374847662, "centerY": 0.5491376292705537}}, "set16": {"sample_4": {"centerX": 0.3909357455869516, "centerY": -0.13515968705217046}, "sample_5": {"centerX": -0.25256067196528115, "centerY": 0.3015637356042862}, "sample_2": {"centerX": -0.025191892832517618, "centerY": 0.36947025135159495}, "sample_1": {"centerX": 9.227225527865822e-06, "centerY": -1.1962131894604813e-07}, "sample_3": {"centerX": 0.33425098429123556, "centerY": 0.12980162352323535}}, "set17": {"sample_4": {"centerX": -0.41352551162242895, "centerY": -0.17480905670258737}, "sample_5": {"centerX": 0.21770997342609227, "centerY": -0.3502654366620949}, "sample_2": {"centerX": 1.0269550322037621e-05,