{"RN2": {"sample_15": {"centerX": 0.05349983193601171, "centerY": 0.007425146270543338}, "sample_9": {"centerX": -0.08518770508468151, "centerY": 0.11499161817133426}, "sample_4": {"centerX": 0.2047559258838495, "centerY": 0.17213827297091486}, "sample_5": {"centerX": -0.1282908151547114, "centerY": -0.18350818119446435}, "sample_12": {"centerX": 0.09654251399967405, "centerY": -0.01570073143061665}, "sample_8": {"centerX": 0.0240036168396473, "centerY": 0.20623619411389033}, "sample_13": {"centerX": -0.07138486151397228, "centerY": 0.039442766686280564}, "sample_2": {"centerX": -0.2545543698540756, "centerY": -0.07911058674965586}, "sample_6": {"centerX": -0.0083977931406763, "centerY": 0.2038750969701343}, "sample_1": {"centerX": -0.41838683462805215, "centerY": 0.07762208645542461}, "sample_3": {"centerX": -0.343534055352211, "centerY": 0.06261504391829173}, "sample_14": {"centerX": -0.004789028838276861, "centerY": -0.05929022664825122}, "sample_11": {"centerX": 0.010002664936085544, "centerY": -0.06450723686565955}, "sample_10": {"centerX": -0.33635120311379435, "centerY": -0.10268049409985544}, "sample_17": {"centerX": -0.051042674928903575, "centerY": -0.008158246548846362}, "sample_21": {"centerX": 0.041620405142505965, "centerY": -0.0502924524868528}, "sample_19": {"centerX": -4.6600699424742543e-05, "centerY": -0.07140051170438529}, "sample_22": {"centerX": 0.08143458344042302, "centerY": 0.009033671692013747}, "sample_18": {"centerX": -0.06286832928657532, "centerY": 0.0076082546760638595}, "sample_24": {"centerX": -0.018271127715706825, "centerY": 0.06251523908227682}, "sample_20": {"centerX": -0.04987467087805272, "centerY": -0.05990513074729178}, "sample_25": {"centerX": -0.05248680201669534, "centerY": 0.034246812330351935}, "sample_16": {"centerX": -0.021150361503518764, "centerY": 0.10384852062910797}, "sample_7": {"centerX": 0.032028448209166505, "centerY": -0.20243553889294463}, "sample_23": {"centerX": 0.026461793168758345, "centerY": 0.04418815937824547}}, "RN1": {"sample_17": {"centerX": -0.01701329439878463, "centerY": 0.24831968228022255}, "sample_21": {"centerX": 0.2568218702077866, "centerY": 0.03238501692811649}, "sample_15": {"centerX": -0.0024571515520414007, "centerY": -0.2834796966314316}, "sample_9": {"centerX": 0.14069223445322773, "centerY": -0.26710387617349624}, "sample_4": {"centerX": -0.016742095156357835, "centerY": 0.40598858916988745}, "sample_19": {"centerX": -0.1710917793214321, "centerY": -0.19741975223024688}, "sample_5": {"centerX": -0.08532400183655597, "centerY": -0.36179043281409473}, "sample_22": {"centerX": -0.011667575985193253, "centerY": 0.2694821257640918}, "sample_12": {"centerX": -0.14508235000512182, "centerY": 0.21570640464039412}, "sample_18": {"centerX": -0.24463007566001677, "centerY": -0.11513812184333802}, "sample_24": {"centerX": -0.1541377366085847, "centerY": 0.13559215158224103}, "sample_7": {"centerX": 0.2540525232752164, "centerY": -0.06536087453365326}, "sample_8": {"centerX": -0.2779044086734454, "centerY": 0.12777138054370882}, "sample_13": {"centerX": -0.23522386593123273, "centerY": -0.01937355587879816}, "sample_2": {"centerX": 0.044689390013615306, "centerY": -0.42189723620812103}, "sample_6": {"centerX": -0.26269258130341766, "centerY": 0.21679117947816845}, "sample_23": {"centerX": -0.42916420340538025, "centerY": 0.03597137733052174}, "sample_1": {"centerX": 0.38500439283251764, "centerY": 0.014267278313636778}, "sample_3": {"centerX": -0.3315955325961113, "centerY": 0.19855013211568198}, "sample_14": {"centerX": -0.150433416031301, "centerY": -0.16252556685358285}, "sample_20": {"centerX": -0.08636144836743673, "centerY": -0.25429221061865487}, "sample_11": {"centerX": 0.22036780024568242, "centerY": -0.18681700886005445}, "sample_25": {"centerX": -0.13013325586915014, "centerY": -0.1397401013970375}, "sample_10": {"centerX": -0.26387452960014346, "centerY": 0.12275573698182903}, "sample_16": {"centerX": 0.12879810395340124, "centerY": 0.1937490033408006}}, "RN3": {"sample_17": {"centerX": -0.035056209961573284, "centerY": -0.0053255073105295475}, "sample_21": {"centerX": -0.04517852163563172, "centerY": -0.03793910138309002}, "sample_15": {"centerX": -0.011510854388276738, "centerY": -0.029686495883700748}, "sample_9": {"centerX": 0.007079173636933174, "centerY": 0.06932078177730243}, "sample_4": {"centerX": 0.004613610108693445, "centerY": -0.024878042362009484}, "sample_19": {"centerX": 0.0179566322080791, "centerY": -0.054546918808999985}, "sample_5": {"centerX": -0.0489344111084938, "centerY": -0.016926719608406228}, "sample_22": {"centerX": -0.015750183446539768, "centerY": -0.04873204420424169}, "sample_12": {"centerX": 0.01923374850509895, "centerY": 0.026902166516002687}, "sample_18": {"centerX": -0.035014224052429196, "centerY": -0.04376706577216585}, "sample_24": {"centerX": 0.05052903521806002, "centerY": -0.044215477224853306}, "sample_7": {"centerX": -0.004368969520760908, "centerY": -0.054703884907066826}, "sample_8": {"centerX": -0.053712167156239346, "centerY": 0.042758939526975154}, "sample_13": {"centerX": 0.008373364364107452, "centerY": -0.030277589000761506}, "sample_2": {"centerX": 0.048413808213339925, "centerY": -0.06156056568026543}, "sample_6": {"centerX": 0.055403048048416774, "centerY": -0.007169787225623929}, "sample_23": {"centerX": 0.02008776054407159, "centerY": -0.05529027449587981}, "sample_1": {"centerX": -0.06050527839610975, "centerY": 0.04902089045693477}, "sample_3": {"centerX": -0.05122743809802665, "centerY": -0.03148295371068848}, "sample_14": {"centerX": 0.023295656591653825, "centerY": 0.02122891355926792}, "sample_20": {"centerX": 0.009227320868521925, "centerY": 0.05525177499900261}, "sample_11": {"centerX": -0.05858977475514015, "centerY": 0.008540869951248165}, "sample_25": {"centerX": 0.0037181709284583725, "centerY": 0.06925707783550025}, "sample_16": {"centerX": 0.01717988034399847, "centerY": 0.027019762098789216}, "sample_10": {"centerX": 0.03464621735736728, "centerY": -0.002328232272217668}}, "Fipy": {"sample_4": {"centerX": 7.494881043434143, "centerY": 0.012500000000000178}, "sample_5": {"centerX": 7.494881043434143, "centerY": 0.012500000000000178}, "sample_2": {"centerX": -0.17553344621802822, "centerY": -0.017952338689655976}, "sample_1": {"centerX": -0.0033094968181103467, "centerY": 0.0045232863693187636}, "sample_3": {"centerX": 7.494881043434143, "centerY": 0.012500000000000178}, "hackrf.complex": {"centerX": -0.0434112548828125, "centerY": -0.011711222330729167}, "sample1.complex": {"centerX": 0.031405131022135414, "centerY": -0.011283264160156249}, "sample4.complex": {"centerX": 0.016961669921875002, "centerY": 0.0243359375}, "sample5.complex": {"centerX": 0.024642028808593747, "centerY": -0.02027801513671875}, "sample2.complex": {"centerX": 0.02391916910807292, "centerY": 0.021101379394531255}, "sample3.complex": {"centerX": -0.024180094401041668, "centerY": -0.020351155598958334}, "gain.complex": {"centerX": 0.006219787597656248, "centerY": -0.047091064453125}}, "RN1_norm": {"sample_2_normalized": {"centerX": 0.106605341831843, "centerY": -1.0064241667588552}, "sample_14_normalized": {"centerX": -0.6772992772084696, "centerY": -0.7360580609242121}, "sample_18_normalized": {"centerX": -0.9048859366222664, "centerY": -0.4258955689271291}, "sample_9_normalized": {"centerX": 0.46984690686066943, "centerY": -0.8920031066735586}, "sample_1_normalized": {"centerX": 1.0077683103084563, "centerY": 0.03734541535377496}, "sample_25_normalized": {"centerX": -0.6830369308259753, "centerY": -0.7334608727693558}, "sample_16_normalized": {"centerX": 0.5578338392575581, "centerY": 0.8391409717003506}, "sample_15_normalized": {"centerX": -0.008675118883450761, "centerY": -1.0008398141860961}, "sample_22_normalized": {"centerX": -0.0434127114713192, "centerY": 1.002687854319811}, "sample_13_normalized": {"centerX": -0.9902418263753254, "centerY": -0.081558502415816},