{"RN_1": {"sample_1": {"centerX": -0.00026143786575024314, "centerY": 0.0009626714885234837}, "sample_10": {"centerX": -0.08908255095283191, "centerY": 0.02874607171614966}, "sample_11": {"centerX": -0.18556634262204172, "centerY": -0.2656836708386739}, "sample_12": {"centerX": -0.2628832482099533, "centerY": 0.16275409081578257}, "sample_13": {"centerX": -0.31034980523586275, "centerY": 0.0970034416417281}, "sample_14": {"centerX": -0.2879156899948915, "centerY": -0.13315618395805362}, "sample_15": {"centerX": -0.19875985115766523, "centerY": -0.2643676431973775}, "sample_2": {"centerX": 0.09879521060557593, "centerY": -0.2584805561389242}, "sample_3": {"centerX": -0.24000697823034392, "centerY": -0.12553557977080343}, "sample_4": {"centerX": 0.3280855982402961, "centerY": 0.03001924830675127}, "sample_5": {"centerX": 0.032367178835929954, "centerY": -0.29924237179068414}, "sample_6": {"centerX": -0.2653839391801092, "centerY": -0.17333842019240064}, "sample_7": {"centerX": -0.32792885581652326, "centerY": -0.09223987971742949}, "sample_8": {"centerX": -0.3077530394494533, "centerY": 0.08831090881427128}, "sample_9": {"centerX": -0.30662006537119546, "centerY": 0.00966438621282581}}, "RN_2": {"sampleRN2_9": {"centerX": 0.004018597491085532, "centerY": 0.07000208343778339}, "sampleRN2_6": {"centerX": -0.049794461416701484, "centerY": -0.05114785697725085}, "sampleRN2_14": {"centerX": -0.023990079470806655, "centerY": -0.06363371020803849}, "sampleRN2_7": {"centerX": 0.004218666292726994, "centerY": 0.0716117468310727}, "sampleRN2_10": {"centerX": -0.05724290881305933, "centerY": -0.040878217294812204}, "sampleRN2_12": {"centerX": -0.0368636109009385, "centerY": 0.0591793702468276}, "sampleRN2_13": {"centerX": -0.06495778977870942, "centerY": -0.025245678797364238}, "sampleRN2_11": {"centerX": 0.05663007374852898, "centerY": 0.039268585897982114}, "sampleRN2_5": {"centerX": -0.020533628832134932, "centerY": -0.07603894905083709}, "sampleRN2_4": {"centerX": 9.458671510219063e-05, "centerY": 0.0008467456499735487}, "sampleRN2_2": {"centerX": -0.004516436482469241, "centerY": -0.055659977961331604}, "sampleRN2_3": {"centerX": -0.03981161117553711, "centerY": 0.029891734669605888}, "sampleRN2_8": {"centerX": 0.014104058779776092, "centerY": -0.06910609432693683}, "sampleRN2_15": {"centerX": 0.05978623665869235, "centerY": -0.018383905291557312}, "sampleRN2_1": {"centerX": -0.05302268967032433, "centerY": -0.04548343658447265}}, "RN2": {"sample_15": {"centerX": -0.6499146577384737, "centerY": -0.6221369975805283}, "sample_9": {"centerX": 0.5965125950745175, "centerY": 0.6431775677771797}, "sample_4": {"centerX": -0.16704042138655978, "centerY": -0.9329620248874029}, "sample_5": {"centerX": 0.2484608587622642, "centerY": -0.8537498100847005}, "sample_12": {"centerX": 0.875210814608468, "centerY": 0.04240907531314431}, "sample_7": {"centerX": -0.8179193394184114, "centerY": -0.3245361232757568}, "sample_8": {"centerX": -0.26489482276681536, "centerY": 0.8348431926274646}, "sample_13": {"centerX": -0.7410815675485701, "centerY": 0.5139144927263259}, "sample_2": {"centerX": 0.04844200832503187, "centerY": -1.0082195027953103}, "sample_6": {"centerX": -0.43626254972484374, "centerY": -0.7894943274060885}, "sample_1": {"centerX": 0.6632406698415678, "centerY": -0.7076459035277367}, "sample_3": {"centerX": -0.969563240664346, "centerY": 0.345723478794098}, "sample_14": {"centerX": 0.5596874335950072, "centerY": -0.7160409447460464}, "sample_11": {"centerX": -0.8747982817093531, "centerY": 0.04471586346626281}, "sample_10": {"centerX": 0.2369924484789372, "centerY": -0.8438984821736811}}}