{
    "file number 1": {
        "centerX": 0.22897499923904738,
        "centerY": -0.15826377421617507
    },
    "file number 2": {
        "centerX": 0.22897499923904738,
        "centerY": -0.15826377421617507
    },
    "file number 3": {
        "centerX": 0.22897499923904738,
        "centerY": -0.15826377421617507
    },
    "file number 4": {
        "centerX": 0.22897499923904738,
        "centerY": -0.15826377421617507
    },
    "file number 5": {
        "centerX": 0.22897499923904738,
        "centerY": -0.15826377421617507
    },
    "file number 6": {
        "centerX": 0.22897499923904738,
        "centerY": -0.15826377421617507
    },
    "file number 7": {
        "centerX": 0.22897499923904738,
        "centerY": -0.15826377421617507
    },
    "file number 8": {
        "centerX": 0.22897499923904738,
        "centerY": -0.15826377421617507
    },
    "file number 9": {
        "centerX": 0.22897499923904738,
        "centerY": -0.15826377421617507
    },
    "file number 10": {
        "centerX": 0.22897499923904738,
        "centerY": -0.15826377421617507
    },
    "file number 11": {
        "centerX": 0.22897499923904738,
        "centerY": -0.15826377421617507
    },
    "file number 12": {
        "centerX": 0.22897499923904738,
        "centerY": -0.15826377421617507
    },
    "file number 13": {
        "centerX": 0.22897499923904738,
        "centerY": -0.15826377421617507
    }
}